ate,rate,duration,front_cloud_match_num,back_cloud_match_num,front_kf_num,back_kf_num,lost_timestamp,new_map_timestamp,lost_time,sum_bag_size,sum_nosampling_bag_size,ref_traj_duration,est_traj_duration,speed,nosampling_speed,subdir
0.072051,0.887289,67.4542,343.0,846.0,20.0,20.0,13.6,16.7,1.0,0.0,0.0,155.7,26.0,0.0,0.0,/home/red0orange/projects/Cloud-Edge-SLAM/new_results_2/Full#rgbd_dataset_freiburg2_pioneer_slam#04-19-17_37_56
0.651521,0.884957,73.523,72.0,346.0,10.0,10.0,22.1,25.9,2.0,0.0,0.0,155.7,26.0,0.0,0.0,/home/red0orange/projects/Cloud-Edge-SLAM/new_results_2/Full#rgbd_dataset_freiburg2_pioneer_slam#04-19-19_48_10
0.0630548,0.88264,60.4465,59.0,186.0,10.0,10.0,13.5,16.7,1.0,0.0,0.0,155.7,25.9,0.0,0.0,/home/red0orange/projects/Cloud-Edge-SLAM/new_results_2/Full#rgbd_dataset_freiburg2_pioneer_slam#04-19-20_16_07
0.919233,0.889526,68.5454,5.0,62.0,5.0,5.0,22.0,25.5,2.0,0.0,0.0,155.7,26.1,0.0,0.0,/home/red0orange/projects/Cloud-Edge-SLAM/new_results_2/Full#rgbd_dataset_freiburg2_pioneer_slam#04-19-21_03_35
0.80978,0.884957,57.6955,6.0,197.0,5.0,5.0,13.7,16.8,1.0,0.0,0.0,155.7,26.0,0.0,0.0,/home/red0orange/projects/Cloud-Edge-SLAM/new_results_2/Full#rgbd_dataset_freiburg2_pioneer_slam#04-19-20_48_53
0.979013,0.887289,70.6512,6.0,233.0,5.0,5.0,22.1,25.2,2.0,0.0,0.0,155.7,26.0,0.0,0.0,/home/red0orange/projects/Cloud-Edge-SLAM/new_results_2/Full#rgbd_dataset_freiburg2_pioneer_slam#04-19-20_56_07
0.0921201,0.887289,57.2998,175.0,64.0,5.0,5.0,22.1,26.0,1.0,0.0,0.0,155.7,26.0,0.0,0.0,/home/red0orange/projects/Cloud-Edge-SLAM/new_results_2/Full#rgbd_dataset_freiburg2_pioneer_slam#04-19-20_53_33
0.680306,0.88264,61.1173,21.0,231.0,10.0,10.0,13.8,16.9,1.0,0.0,0.0,155.7,25.9,0.0,0.0,/home/red0orange/projects/Cloud-Edge-SLAM/new_results_2/Full#rgbd_dataset_freiburg2_pioneer_slam#04-19-19_46_57
0.265262,0.889526,90.1405,189.0,654.0,20.0,20.0,22.1,26.2,2.0,0.0,0.0,155.7,26.1,0.0,0.0,/home/red0orange/projects/Cloud-Edge-SLAM/new_results_2/Full#rgbd_dataset_freiburg2_pioneer_slam#04-19-18_21_49
0.416285,0.887289,71.9239,201.0,463.0,10.0,10.0,22.0,26.0,2.0,0.0,0.0,155.7,26.0,0.0,0.0,/home/red0orange/projects/Cloud-Edge-SLAM/new_results_2/Full#rgbd_dataset_freiburg2_pioneer_slam#04-19-19_25_24
0.274847,0.878097,57.8945,21.0,163.0,5.0,5.0,13.3,16.5,1.0,0.0,0.0,155.7,25.8,0.0,0.0,/home/red0orange/projects/Cloud-Edge-SLAM/new_results_2/Full#rgbd_dataset_freiburg2_pioneer_slam#04-19-21_04_55
0.118841,0.884957,68.5642,15.0,109.0,5.0,5.0,22.0,26.0,2.0,0.0,0.0,155.7,26.0,0.0,0.0,/home/red0orange/projects/Cloud-Edge-SLAM/new_results_2/Full#rgbd_dataset_freiburg2_pioneer_slam#04-19-21_15_19
0.12824,0.889526,73.2659,128.0,417.0,10.0,10.0,22.1,26.2,2.0,0.0,0.0,155.7,26.1,0.0,0.0,/home/red0orange/projects/Cloud-Edge-SLAM/new_results_2/Full#rgbd_dataset_freiburg2_pioneer_slam#04-19-20_07_46
0.844991,0.878097,59.2688,6.0,276.0,10.0,10.0,14.4,17.5,1.0,0.0,0.0,155.7,25.8,0.0,0.0,/home/red0orange/projects/Cloud-Edge-SLAM/new_results_2/Full#rgbd_dataset_freiburg2_pioneer_slam#04-19-20_14_55
0.524455,0.889526,67.2067,7.0,133.0,5.0,5.0,22.1,26.2,2.0,0.0,0.0,155.7,26.1,0.0,0.0,/home/red0orange/projects/Cloud-Edge-SLAM/new_results_2/Full#rgbd_dataset_freiburg2_pioneer_slam#04-19-21_14_05
0.346183,0.889526,57.154,194.0,58.0,5.0,5.0,22.1,26.4,1.0,0.0,0.0,155.7,26.1,0.0,0.0,/home/red0orange/projects/Cloud-Edge-SLAM/new_results_2/Full#rgbd_dataset_freiburg2_pioneer_slam#04-19-20_37_56
0.254929,0.887289,92.1284,110.0,1341.0,20.0,20.0,22.2,25.7,2.0,0.0,0.0,155.7,26.0,0.0,0.0,/home/red0orange/projects/Cloud-Edge-SLAM/new_results_2/Full#rgbd_dataset_freiburg2_pioneer_slam#04-19-18_13_32
0.489322,0.887289,55.5441,145.0,57.0,5.0,5.0,22.1,26.0,1.0,0.0,0.0,155.7,26.0,0.0,0.0,/home/red0orange/projects/Cloud-Edge-SLAM/new_results_2/Full#rgbd_dataset_freiburg2_pioneer_slam#04-19-20_36_49
0.112021,0.642719,47.0681,0.0,0.0,20.0,20.0,-1311878241.2,-1311878241.2,0.0,0.0,0.0,155.7,18.9,0.0,0.0,/home/red0orange/projects/Cloud-Edge-SLAM/new_results_2/Full#rgbd_dataset_freiburg2_pioneer_slam#04-19-17_52_40
0.0769987,0.88264,60.176,94.0,266.0,10.0,10.0,13.5,16.7,1.0,0.0,0.0,155.7,25.9,0.0,0.0,/home/red0orange/projects/Cloud-Edge-SLAM/new_results_2/Full#rgbd_dataset_freiburg2_pioneer_slam#04-19-19_05_30
0.893124,0.88264,58.9916,25.0,377.0,10.0,10.0,14.8,17.9,1.0,0.0,0.0,155.7,25.9,0.0,0.0,/home/red0orange/projects/Cloud-Edge-SLAM/new_results_2/Full#rgbd_dataset_freiburg2_pioneer_slam#04-19-20_13_49
0.363121,0.879291,69.6586,534.0,976.0,20.0,20.0,22.1,26.2,1.0,0.0,0.0,155.7,25.8,0.0,0.0,/home/red0orange/projects/Cloud-Edge-SLAM/new_results_2/Full#rgbd_dataset_freiburg2_pioneer_slam#04-19-17_50_02
0.0642192,0.878097,60.8236,54.0,223.0,10.0,10.0,13.4,16.6,1.0,0.0,0.0,155.7,25.8,0.0,0.0,/home/red0orange/projects/Cloud-Edge-SLAM/new_results_2/Full#rgbd_dataset_freiburg2_pioneer_slam#04-19-20_02_42
0.0970411,0.88264,66.9125,993.0,574.0,20.0,20.0,22.1,26.7,1.0,0.0,0.0,155.7,25.9,0.0,0.0,/home/red0orange/projects/Cloud-Edge-SLAM/new_results_2/Full#rgbd_dataset_freiburg2_pioneer_slam#04-19-17_26_08
0.156779,0.884957,75.1738,93.0,267.0,10.0,10.0,22.1,26.3,2.0,0.0,0.0,155.7,26.0,0.0,0.0,/home/red0orange/projects/Cloud-Edge-SLAM/new_results_2/Full#rgbd_dataset_freiburg2_pioneer_slam#04-19-19_55_56
0.0781825,0.643777,47.0078,0.0,0.0,20.0,20.0,-1311878241.2,-1311878241.2,0.0,0.0,0.0,155.7,18.9,0.0,0.0,/home/red0orange/projects/Cloud-Edge-SLAM/new_results_2/Full#rgbd_dataset_freiburg2_pioneer_slam#04-19-17_46_26
0.407784,0.889526,66.6724,339.0,740.0,20.0,20.0,22.1,26.0,1.0,0.0,0.0,155.7,26.1,0.0,0.0,/home/red0orange/projects/Cloud-Edge-SLAM/new_results_2/Full#rgbd_dataset_freiburg2_pioneer_slam#04-19-18_23_26
0.192705,0.880435,56.1505,29.0,130.0,5.0,5.0,14.9,18.2,1.0,0.0,0.0,155.7,25.8,0.0,0.0,/home/red0orange/projects/Cloud-Edge-SLAM/new_results_2/Full#rgbd_dataset_freiburg2_pioneer_slam#04-19-20_33_23
0.0459335,0.640372,68.5207,257.0,1224.0,20.0,20.0,13.6,16.7,1.0,0.0,0.0,155.7,18.8,0.0,0.0,/home/red0orange/projects/Cloud-Edge-SLAM/new_results_2/Full#rgbd_dataset_freiburg2_pioneer_slam#04-19-17_45_05
0.0735153,0.640372,69.1757,323.0,1264.0,20.0,20.0,13.3,16.5,1.0,0.0,0.0,155.7,18.8,0.0,0.0,/home/red0orange/projects/Cloud-Edge-SLAM/new_results_2/Full#rgbd_dataset_freiburg2_pioneer_slam#04-19-17_47_20
0.0461172,0.640372,69.4066,362.0,1320.0,20.0,20.0,13.4,16.6,1.0,0.0,0.0,155.7,18.8,0.0,0.0,/home/red0orange/projects/Cloud-Edge-SLAM/new_results_2/Full#rgbd_dataset_freiburg2_pioneer_slam#04-19-18_03_07
0.192213,0.887289,88.6388,115.0,1270.0,20.0,20.0,22.0,26.0,2.0,0.0,0.0,155.7,26.0,0.0,0.0,/home/red0orange/projects/Cloud-Edge-SLAM/new_results_2/Full#rgbd_dataset_freiburg2_pioneer_slam#04-19-18_05_43
0.0865799,0.878097,46.954,0.0,0.0,10.0,10.0,-1311878241.2,-1311878241.2,0.0,0.0,0.0,155.7,25.8,0.0,0.0,/home/red0orange/projects/Cloud-Edge-SLAM/new_results_2/Full#rgbd_dataset_freiburg2_pioneer_slam#04-19-19_30_32
0.0812215,0.887289,88.9894,386.0,1182.0,20.0,20.0,22.0,26.0,2.0,0.0,0.0,155.7,26.0,0.0,0.0,/home/red0orange/projects/Cloud-Edge-SLAM/new_results_2/Full#rgbd_dataset_freiburg2_pioneer_slam#04-19-17_18_20
1.0036,0.88264,93.6699,106.0,829.0,20.0,20.0,22.1,26.2,2.0,0.0,0.0,155.7,25.9,0.0,0.0,/home/red0orange/projects/Cloud-Edge-SLAM/new_results_2/Full#rgbd_dataset_freiburg2_pioneer_slam#04-19-18_32_57
0.0938526,0.887289,61.4528,102.0,269.0,10.0,10.0,13.4,16.6,1.0,0.0,0.0,155.7,26.0,0.0,0.0,/home/red0orange/projects/Cloud-Edge-SLAM/new_results_2/Full#rgbd_dataset_freiburg2_pioneer_slam#04-19-19_49_31
0.466845,0.639248,47.0211,0.0,0.0,20.0,20.0,-1311878241.2,-1311878241.2,0.0,0.0,0.0,155.7,18.8,0.0,0.0,/home/red0orange/projects/Cloud-Edge-SLAM/new_results_2/Full#rgbd_dataset_freiburg2_pioneer_slam#04-19-17_23_55
0.220416,0.887289,46.9598,0.0,0.0,10.0,10.0,-1311878241.2,-1311878241.2,0.0,0.0,0.0,155.7,26.0,0.0,0.0,/home/red0orange/projects/Cloud-Edge-SLAM/new_results_2/Full#rgbd_dataset_freiburg2_pioneer_slam#04-19-19_14_16
0.27878,0.884957,79.5706,87.0,232.0,10.0,10.0,22.1,27.2,2.0,0.0,0.0,155.7,26.0,0.0,0.0,/home/red0orange/projects/Cloud-Edge-SLAM/new_results_2/Full#rgbd_dataset_freiburg2_pioneer_slam#04-19-20_06_19
0.0722275,0.643777,67.4236,71.0,1312.0,20.0,20.0,14.6,17.7,1.0,0.0,0.0,155.7,18.9,0.0,0.0,/home/red0orange/projects/Cloud-Edge-SLAM/new_results_2/Full#rgbd_dataset_freiburg2_pioneer_slam#04-19-17_17_00
0.321432,0.643777,47.0221,0.0,0.0,20.0,20.0,-1311878241.2,-1311878241.2,0.0,0.0,0.0,155.7,18.9,0.0,0.0,/home/red0orange/projects/Cloud-Edge-SLAM/new_results_2/Full#rgbd_dataset_freiburg2_pioneer_slam#04-19-18_30_20
0.384624,0.884957,57.1442,17.0,124.0,5.0,5.0,13.5,16.7,1.0,0.0,0.0,155.7,26.0,0.0,0.0,/home/red0orange/projects/Cloud-Edge-SLAM/new_results_2/Full#rgbd_dataset_freiburg2_pioneer_slam#04-19-20_46_31
0.178041,0.884957,57.2512,233.0,73.0,5.0,5.0,22.1,26.3,1.0,0.0,0.0,155.7,26.0,0.0,0.0,/home/red0orange/projects/Cloud-Edge-SLAM/new_results_2/Full#rgbd_dataset_freiburg2_pioneer_slam#04-19-20_57_29
0.0622126,0.884957,75.8695,151.0,393.0,10.0,10.0,22.1,26.1,2.0,0.0,0.0,155.7,26.0,0.0,0.0,/home/red0orange/projects/Cloud-Edge-SLAM/new_results_2/Full#rgbd_dataset_freiburg2_pioneer_slam#04-19-19_58_46
0.138042,0.643777,68.455,138.0,1417.0,20.0,20.0,14.8,17.9,1.0,0.0,0.0,155.7,18.9,0.0,0.0,/home/red0orange/projects/Cloud-Edge-SLAM/new_results_2/Full#rgbd_dataset_freiburg2_pioneer_slam#04-19-17_15_44
0.0640812,0.88264,91.4548,428.0,1058.0,20.0,20.0,22.1,26.0,2.0,0.0,0.0,155.7,25.9,0.0,0.0,/home/red0orange/projects/Cloud-Edge-SLAM/new_results_2/Full#rgbd_dataset_freiburg2_pioneer_slam#04-19-18_28_36
0.826773,0.884957,57.4705,5.0,67.0,5.0,5.0,13.5,16.7,1.0,0.0,0.0,155.7,26.0,0.0,0.0,/home/red0orange/projects/Cloud-Edge-SLAM/new_results_2/Full#rgbd_dataset_freiburg2_pioneer_slam#04-19-20_35_44
0.0792748,0.88264,61.9746,82.0,283.0,10.0,10.0,13.4,16.6,1.0,0.0,0.0,155.7,25.9,0.0,0.0,/home/red0orange/projects/Cloud-Edge-SLAM/new_results_2/Full#rgbd_dataset_freiburg2_pioneer_slam#04-19-19_29_18
0.0701431,0.88264,85.3498,481.0,241.0,10.0,10.0,22.1,26.4,2.0,0.0,0.0,155.7,25.9,0.0,0.0,/home/red0orange/projects/Cloud-Edge-SLAM/new_results_2/Full#rgbd_dataset_freiburg2_pioneer_slam#04-19-19_11_17
0.0833857,0.887289,71.5725,466.0,1269.0,20.0,20.0,13.4,16.6,1.0,0.0,0.0,155.7,26.0,0.0,0.0,/home/red0orange/projects/Cloud-Edge-SLAM/new_results_2/Full#rgbd_dataset_freiburg2_pioneer_slam#04-19-18_18_08
1.18628,0.884957,71.818,24.0,62.0,5.0,5.0,17.4,23.4,2.0,0.0,0.0,155.7,26.0,0.0,0.0,/home/red0orange/projects/Cloud-Edge-SLAM/new_results_2/Full#rgbd_dataset_freiburg2_pioneer_slam#04-19-21_06_59
0.226403,0.889526,66.0609,15.0,168.0,5.0,5.0,22.1,26.2,2.0,0.0,0.0,155.7,26.1,0.0,0.0,/home/red0orange/projects/Cloud-Edge-SLAM/new_results_2/Full#rgbd_dataset_freiburg2_pioneer_slam#04-19-20_45_18
0.353854,0.642719,67.7455,79.0,1391.0,20.0,20.0,14.8,17.9,1.0,0.0,0.0,155.7,18.9,0.0,0.0,/home/red0orange/projects/Cloud-Edge-SLAM/new_results_2/Full#rgbd_dataset_freiburg2_pioneer_slam#04-19-17_32_11
0.0453088,0.889526,76.9302,161.0,419.0,10.0,10.0,22.1,26.2,2.0,0.0,0.0,155.7,26.1,0.0,0.0,/home/red0orange/projects/Cloud-Edge-SLAM/new_results_2/Full#rgbd_dataset_freiburg2_pioneer_slam#04-19-19_50_44
0.0869843,0.878097,61.5116,92.0,244.0,10.0,10.0,13.4,16.6,1.0,0.0,0.0,155.7,25.8,0.0,0.0,/home/red0orange/projects/Cloud-Edge-SLAM/new_results_2/Full#rgbd_dataset_freiburg2_pioneer_slam#04-19-19_16_21
0.0300035,0.643777,69.3511,414.0,1225.0,20.0,20.0,13.3,16.5,1.0,0.0,0.0,155.7,18.9,0.0,0.0,/home/red0orange/projects/Cloud-Edge-SLAM/new_results_2/Full#rgbd_dataset_freiburg2_pioneer_slam#04-19-17_39_11
0.312493,0.887289,46.9937,0.0,0.0,20.0,20.0,-1311878241.2,-1311878241.2,0.0,0.0,0.0,155.7,26.0,0.0,0.0,/home/red0orange/projects/Cloud-Edge-SLAM/new_results_2/Full#rgbd_dataset_freiburg2_pioneer_slam#04-19-17_53_39
0.0985254,0.879291,60.4763,43.0,229.0,10.0,10.0,13.4,16.6,1.0,0.0,0.0,155.7,25.8,0.0,0.0,/home/red0orange/projects/Cloud-Edge-SLAM/new_results_2/Full#rgbd_dataset_freiburg2_pioneer_slam#04-19-19_42_00
0.0698043,0.889526,74.455,78.0,242.0,10.0,10.0,22.0,25.9,2.0,0.0,0.0,155.7,26.1,0.0,0.0,/home/red0orange/projects/Cloud-Edge-SLAM/new_results_2/Full#rgbd_dataset_freiburg2_pioneer_slam#04-19-19_54_29
0.0712275,0.889526,60.4392,93.0,229.0,10.0,10.0,13.4,16.6,1.0,0.0,0.0,155.7,26.1,0.0,0.0,/home/red0orange/projects/Cloud-Edge-SLAM/new_results_2/Full#rgbd_dataset_freiburg2_pioneer_slam#04-19-19_06_37
0.938422,0.889526,66.7465,7.0,84.0,5.0,5.0,22.0,26.2,2.0,0.0,0.0,155.7,26.1,0.0,0.0,/home/red0orange/projects/Cloud-Edge-SLAM/new_results_2/Full#rgbd_dataset_freiburg2_pioneer_slam#04-19-20_59_42
0.139776,0.889526,69.6842,7.0,48.0,5.0,5.0,22.0,25.7,2.0,0.0,0.0,155.7,26.1,0.0,0.0,/home/red0orange/projects/Cloud-Edge-SLAM/new_results_2/Full#rgbd_dataset_freiburg2_pioneer_slam#04-19-20_39_01
0.0412966,0.642719,70.8758,413.0,1268.0,20.0,20.0,13.4,16.6,1.0,0.0,0.0,155.7,18.9,0.0,0.0,/home/red0orange/projects/Cloud-Edge-SLAM/new_results_2/Full#rgbd_dataset_freiburg2_pioneer_slam#04-19-18_20_26
0.333466,0.646069,68.844,108.0,1648.0,20.0,20.0,14.7,17.8,1.0,0.0,0.0,155.7,19.0,0.0,0.0,/home/red0orange/projects/Cloud-Edge-SLAM/new_results_2/Full#rgbd_dataset_freiburg2_pioneer_slam#04-19-18_34_38
0.931322,0.889526,60.3323,238.0,233.0,10.0,10.0,22.1,26.0,1.0,0.0,0.0,155.7,26.1,0.0,0.0,/home/red0orange/projects/Cloud-Edge-SLAM/new_results_2/Full#rgbd_dataset_freiburg2_pioneer_slam#04-19-19_52_08
0.162918,0.887289,72.7759,68.0,240.0,10.0,10.0,22.1,26.0,2.0,0.0,0.0,155.7,26.0,0.0,0.0,/home/red0orange/projects/Cloud-Edge-SLAM/new_results_2/Full#rgbd_dataset_freiburg2_pioneer_slam#04-19-19_07_49
1.02329,0.884957,66.0653,11.0,225.0,5.0,5.0,22.1,26.4,2.0,0.0,0.0,155.7,26.0,0.0,0.0,/home/red0orange/projects/Cloud-Edge-SLAM/new_results_2/Full#rgbd_dataset_freiburg2_pioneer_slam#04-19-21_08_18
0.0457486,0.88264,99.1253,1861.0,971.0,20.0,20.0,22.1,25.9,2.0,0.0,0.0,155.7,25.9,0.0,0.0,/home/red0orange/projects/Cloud-Edge-SLAM/new_results_2/Full#rgbd_dataset_freiburg2_pioneer_slam#04-19-17_33_26
1.03354,0.887289,65.4908,13.0,117.0,5.0,5.0,22.0,26.0,2.0,0.0,0.0,155.7,26.0,0.0,0.0,/home/red0orange/projects/Cloud-Edge-SLAM/new_results_2/Full#rgbd_dataset_freiburg2_pioneer_slam#04-19-20_44_00
0.705403,0.639248,69.8991,132.0,1598.0,20.0,20.0,14.7,17.8,1.0,0.0,0.0,155.7,18.8,0.0,0.0,/home/red0orange/projects/Cloud-Edge-SLAM/new_results_2/Full#rgbd_dataset_freiburg2_pioneer_slam#04-19-17_21_18
0.0697997,0.887289,46.9665,0.0,0.0,10.0,10.0,-1311878241.2,-1311878241.2,0.0,0.0,0.0,155.7,26.0,0.0,0.0,/home/red0orange/projects/Cloud-Edge-SLAM/new_results_2/Full#rgbd_dataset_freiburg2_pioneer_slam#04-19-20_03_55
0.0421633,0.884957,68.683,170.0,1053.0,20.0,20.0,13.4,16.6,1.0,0.0,0.0,155.7,26.0,0.0,0.0,/home/red0orange/projects/Cloud-Edge-SLAM/new_results_2/Full#rgbd_dataset_freiburg2_pioneer_slam#04-19-18_07_24
0.121879,0.887289,75.525,97.0,380.0,10.0,10.0,22.1,26.2,2.0,0.0,0.0,155.7,26.0,0.0,0.0,/home/red0orange/projects/Cloud-Edge-SLAM/new_results_2/Full#rgbd_dataset_freiburg2_pioneer_slam#04-19-19_39_24
0.702931,0.878097,57.608,3.0,100.0,5.0,5.0,13.5,16.7,1.0,0.0,0.0,155.7,25.8,0.0,0.0,/home/red0orange/projects/Cloud-Edge-SLAM/new_results_2/Full#rgbd_dataset_freiburg2_pioneer_slam#04-19-21_10_40
0.0708659,0.878097,67.1907,215.0,969.0,20.0,20.0,13.5,16.7,1.0,0.0,0.0,155.7,25.8,0.0,0.0,/home/red0orange/projects/Cloud-Edge-SLAM/new_results_2/Full#rgbd_dataset_freiburg2_pioneer_slam#04-19-17_58_26
0.0773672,0.887289,74.4049,74.0,176.0,10.0,10.0,22.1,26.0,2.0,0.0,0.0,155.7,26.0,0.0,0.0,/home/red0orange/projects/Cloud-Edge-SLAM/new_results_2/Full#rgbd_dataset_freiburg2_pioneer_slam#04-19-19_04_03
0.0708892,0.643777,71.3375,261.0,1381.0,20.0,20.0,13.6,16.8,1.0,0.0,0.0,155.7,18.9,0.0,0.0,/home/red0orange/projects/Cloud-Edge-SLAM/new_results_2/Full#rgbd_dataset_freiburg2_pioneer_slam#04-19-17_27_22
1.01129,0.889526,64.9609,12.0,139.0,5.0,5.0,22.0,26.0,2.0,0.0,0.0,155.7,26.1,0.0,0.0,/home/red0orange/projects/Cloud-Edge-SLAM/new_results_2/Full#rgbd_dataset_freiburg2_pioneer_slam#04-19-20_34_27
0.154007,0.884957,57.8793,19.0,87.0,5.0,5.0,13.5,16.7,1.0,0.0,0.0,155.7,26.0,0.0,0.0,/home/red0orange/projects/Cloud-Edge-SLAM/new_results_2/Full#rgbd_dataset_freiburg2_pioneer_slam#04-19-20_52_28
0.739219,0.815629,65.0671,57.0,152.0,5.0,5.0,22.0,25.2,2.0,0.0,0.0,155.7,23.9,0.0,0.0,/home/red0orange/projects/Cloud-Edge-SLAM/new_results_2/Full#rgbd_dataset_freiburg2_pioneer_slam#04-19-20_47_41
0.225579,0.88264,67.9783,23.0,132.0,5.0,5.0,22.1,26.0,2.0,0.0,0.0,155.7,25.9,0.0,0.0,/home/red0orange/projects/Cloud-Edge-SLAM/new_results_2/Full#rgbd_dataset_freiburg2_pioneer_slam#04-19-20_51_08
0.183319,0.878097,46.963,0.0,0.0,20.0,20.0,-1311878241.2,-1311878241.2,0.0,0.0,0.0,155.7,25.8,0.0,0.0,/home/red0orange/projects/Cloud-Edge-SLAM/new_results_2/Full#rgbd_dataset_freiburg2_pioneer_slam#04-19-18_24_45
0.0419533,0.889526,66.8246,203.0,738.0,20.0,20.0,13.6,16.7,1.0,0.0,0.0,155.7,26.1,0.0,0.0,/home/red0orange/projects/Cloud-Edge-SLAM/new_results_2/Full#rgbd_dataset_freiburg2_pioneer_slam#04-19-17_24_49
0.13599,0.887289,89.1322,194.0,957.0,20.0,20.0,22.1,26.3,2.0,0.0,0.0,155.7,26.0,0.0,0.0,/home/red0orange/projects/Cloud-Edge-SLAM/new_results_2/Full#rgbd_dataset_freiburg2_pioneer_slam#04-19-17_43_29
0.193885,0.879291,46.9586,0.0,0.0,10.0,10.0,-1311878241.2,-1311878241.2,0.0,0.0,0.0,155.7,25.8,0.0,0.0,/home/red0orange/projects/Cloud-Edge-SLAM/new_results_2/Full#rgbd_dataset_freiburg2_pioneer_slam#04-19-20_09_11
0.942071,0.889526,59.1141,96.0,378.0,10.0,10.0,14.8,17.9,1.0,0.0,0.0,155.7,26.1,0.0,0.0,/home/red0orange/projects/Cloud-Edge-SLAM/new_results_2/Full#rgbd_dataset_freiburg2_pioneer_slam#04-19-19_32_40
1.1046,0.878097,57.0008,12.0,154.0,5.0,5.0,14.2,17.4,1.0,0.0,0.0,155.7,25.8,0.0,0.0,/home/red0orange/projects/Cloud-Edge-SLAM/new_results_2/Full#rgbd_dataset_freiburg2_pioneer_slam#04-19-20_40_23
0.910333,0.884957,90.6457,132.0,461.0,20.0,20.0,22.1,26.0,2.0,0.0,0.0,155.7,26.0,0.0,0.0,/home/red0orange/projects/Cloud-Edge-SLAM/new_results_2/Full#rgbd_dataset_freiburg2_pioneer_slam#04-19-17_41_46
1.01436,0.889526,70.6538,23.0,291.0,10.0,10.0,22.1,26.1,2.0,0.0,0.0,155.7,26.1,0.0,0.0,/home/red0orange/projects/Cloud-Edge-SLAM/new_results_2/Full#rgbd_dataset_freiburg2_pioneer_slam#04-19-19_36_37
1.09014,0.889526,73.2618,11.0,215.0,10.0,10.0,22.1,26.1,2.0,0.0,0.0,155.7,26.1,0.0,0.0,/home/red0orange/projects/Cloud-Edge-SLAM/new_results_2/Full#rgbd_dataset_freiburg2_pioneer_slam#04-19-19_23_59
0.0945345,0.887289,60.3022,478.0,166.0,10.0,10.0,22.1,26.0,1.0,0.0,0.0,155.7,26.0,0.0,0.0,/home/red0orange/projects/Cloud-Edge-SLAM/new_results_2/Full#rgbd_dataset_freiburg2_pioneer_slam#04-19-19_18_56
0.0591678,0.887289,46.9611,0.0,0.0,5.0,5.0,-1311878241.2,-1311878241.2,0.0,0.0,0.0,155.7,26.0,0.0,0.0,/home/red0orange/projects/Cloud-Edge-SLAM/new_results_2/Full#rgbd_dataset_freiburg2_pioneer_slam#04-19-21_06_00
0.0540175,0.889526,61.3468,64.0,239.0,10.0,10.0,13.3,16.5,1.0,0.0,0.0,155.7,26.1,0.0,0.0,/home/red0orange/projects/Cloud-Edge-SLAM/new_results_2/Full#rgbd_dataset_freiburg2_pioneer_slam#04-19-19_53_21
0.108252,0.884957,60.7315,65.0,301.0,10.0,10.0,13.5,16.7,1.0,0.0,0.0,155.7,26.0,0.0,0.0,/home/red0orange/projects/Cloud-Edge-SLAM/new_results_2/Full#rgbd_dataset_freiburg2_pioneer_slam#04-19-19_44_35
0.39451,0.889526,73.5505,43.0,356.0,10.0,10.0,22.1,26.1,2.0,0.0,0.0,155.7,26.1,0.0,0.0,/home/red0orange/projects/Cloud-Edge-SLAM/new_results_2/Full#rgbd_dataset_freiburg2_pioneer_slam#04-19-20_00_09
0.316158,0.887289,73.5393,716.0,713.0,20.0,20.0,15.5,23.4,1.0,0.0,0.0,155.7,26.0,0.0,0.0,/home/red0orange/projects/Cloud-Edge-SLAM/new_results_2/Full#rgbd_dataset_freiburg2_pioneer_slam#04-19-17_48_41
0.135756,0.889526,58.9517,476.0,295.0,10.0,10.0,22.1,26.2,1.0,0.0,0.0,155.7,26.1,0.0,0.0,/home/red0orange/projects/Cloud-Edge-SLAM/new_results_2/Full#rgbd_dataset_freiburg2_pioneer_slam#04-19-19_15_15
0.0898138,0.642719,68.5509,221.0,891.0,20.0,20.0,13.5,16.7,1.0,0.0,0.0,155.7,18.9,0.0,0.0,/home/red0orange/projects/Cloud-Edge-SLAM/new_results_2/Full#rgbd_dataset_freiburg2_pioneer_slam#04-19-18_25_39
0.368669,0.88264,67.0218,1126.0,667.0,20.0,20.0,22.1,26.3,1.0,0.0,0.0,155.7,25.9,0.0,0.0,/home/red0orange/projects/Cloud-Edge-SLAM/new_results_2/Full#rgbd_dataset_freiburg2_pioneer_slam#04-19-17_40_32
0.119791,0.887289,76.1241,56.0,290.0,10.0,10.0,22.0,25.6,2.0,0.0,0.0,155.7,26.0,0.0,0.0,/home/red0orange/projects/Cloud-Edge-SLAM/new_results_2/Full#rgbd_dataset_freiburg2_pioneer_slam#04-19-19_38_00
0.258912,0.878097,74.9076,73.0,273.0,10.0,10.0,22.0,26.0,2.0,0.0,0.0,155.7,25.8,0.0,0.0,/home/red0orange/projects/Cloud-Edge-SLAM/new_results_2/Full#rgbd_dataset_freiburg2_pioneer_slam#04-19-19_12_54
0.225101,0.887289,96.0489,1494.0,1194.0,20.0,20.0,22.1,26.2,2.0,0.0,0.0,155.7,26.0,0.0,0.0,/home/red0orange/projects/Cloud-Edge-SLAM/new_results_2/Full#rgbd_dataset_freiburg2_pioneer_slam#04-19-17_59_40
0.429536,0.887289,69.9087,63.0,1561.0,20.0,20.0,14.5,17.7,1.0,0.0,0.0,155.7,26.0,0.0,0.0,/home/red0orange/projects/Cloud-Edge-SLAM/new_results_2/Full#rgbd_dataset_freiburg2_pioneer_slam#04-19-17_19_56
0.0956388,0.889526,73.0713,96.0,270.0,10.0,10.0,22.1,25.2,2.0,0.0,0.0,155.7,26.1,0.0,0.0,/home/red0orange/projects/Cloud-Edge-SLAM/new_results_2/Full#rgbd_dataset_freiburg2_pioneer_slam#04-19-20_17_14
0.177386,0.889526,69.8015,143.0,41.0,5.0,5.0,22.0,26.0,2.0,0.0,0.0,155.7,26.1,0.0,0.0,/home/red0orange/projects/Cloud-Edge-SLAM/new_results_2/Full#rgbd_dataset_freiburg2_pioneer_slam#04-19-21_19_13
0.0850905,0.887289,72.4149,86.0,255.0,10.0,10.0,22.1,26.0,2.0,0.0,0.0,155.7,26.0,0.0,0.0,/home/red0orange/projects/Cloud-Edge-SLAM/new_results_2/Full#rgbd_dataset_freiburg2_pioneer_slam#04-19-20_10_05
0.493129,0.884957,77.8948,47.0,780.0,10.0,10.0,22.0,25.2,2.0,0.0,0.0,155.7,26.0,0.0,0.0,/home/red0orange/projects/Cloud-Edge-SLAM/new_results_2/Full#rgbd_dataset_freiburg2_pioneer_slam#04-19-20_04_49
0.166153,0.884957,76.0241,51.0,220.0,10.0,10.0,22.1,26.1,2.0,0.0,0.0,155.7,26.0,0.0,0.0,/home/red0orange/projects/Cloud-Edge-SLAM/new_results_2/Full#rgbd_dataset_freiburg2_pioneer_slam#04-19-19_21_23
0.107635,0.889526,61.9686,75.0,326.0,10.0,10.0,13.4,16.6,1.0,0.0,0.0,155.7,26.1,0.0,0.0,/home/red0orange/projects/Cloud-Edge-SLAM/new_results_2/Full#rgbd_dataset_freiburg2_pioneer_slam#04-19-19_40_51
0.380801,0.88264,68.499,24.0,123.0,5.0,5.0,22.0,25.9,2.0,0.0,0.0,155.7,25.9,0.0,0.0,/home/red0orange/projects/Cloud-Edge-SLAM/new_results_2/Full#rgbd_dataset_freiburg2_pioneer_slam#04-19-21_02_19
0.051248,0.889526,93.7321,374.0,1020.0,20.0,20.0,22.0,25.4,2.0,0.0,0.0,155.7,26.1,0.0,0.0,/home/red0orange/projects/Cloud-Edge-SLAM/new_results_2/Full#rgbd_dataset_freiburg2_pioneer_slam#04-19-17_30_25
0.83603,0.889526,60.8272,24.0,349.0,10.0,10.0,14.1,17.3,1.0,0.0,0.0,155.7,26.1,0.0,0.0,/home/red0orange/projects/Cloud-Edge-SLAM/new_results_2/Full#rgbd_dataset_freiburg2_pioneer_slam#04-19-19_26_43
0.116429,0.889526,67.3804,13.0,52.0,5.0,5.0,22.1,26.2,2.0,0.0,0.0,155.7,26.1,0.0,0.0,/home/red0orange/projects/Cloud-Edge-SLAM/new_results_2/Full#rgbd_dataset_freiburg2_pioneer_slam#04-19-20_42_46
0.0785015,0.889526,93.5009,490.0,1014.0,20.0,20.0,22.1,25.2,2.0,0.0,0.0,155.7,26.1,0.0,0.0,/home/red0orange/projects/Cloud-Edge-SLAM/new_results_2/Full#rgbd_dataset_freiburg2_pioneer_slam#04-19-18_10_05
0.455765,0.884957,56.0935,5.0,41.0,5.0,5.0,14.2,17.4,1.0,0.0,0.0,155.7,26.0,0.0,0.0,/home/red0orange/projects/Cloud-Edge-SLAM/new_results_2/Full#rgbd_dataset_freiburg2_pioneer_slam#04-19-20_58_34
1.02769,0.887289,74.4944,11.0,322.0,10.0,10.0,22.0,26.0,2.0,0.0,0.0,155.7,26.0,0.0,0.0,/home/red0orange/projects/Cloud-Edge-SLAM/new_results_2/Full#rgbd_dataset_freiburg2_pioneer_slam#04-19-19_27_56
0.0977326,0.889526,72.237,44.0,216.0,10.0,10.0,22.1,26.2,2.0,0.0,0.0,155.7,26.1,0.0,0.0,/home/red0orange/projects/Cloud-Edge-SLAM/new_results_2/Full#rgbd_dataset_freiburg2_pioneer_slam#04-19-19_02_43
0.347488,0.889526,67.1224,9.0,182.0,5.0,5.0,22.0,25.9,2.0,0.0,0.0,155.7,26.1,0.0,0.0,/home/red0orange/projects/Cloud-Edge-SLAM/new_results_2/Full#rgbd_dataset_freiburg2_pioneer_slam#04-19-21_16_40
0.082627,0.879291,67.9827,375.0,1388.0,20.0,20.0,13.7,16.9,1.0,0.0,0.0,155.7,25.8,0.0,0.0,/home/red0orange/projects/Cloud-Edge-SLAM/new_results_2/Full#rgbd_dataset_freiburg2_pioneer_slam#04-19-17_22_35
0.0694571,0.880435,90.4274,371.0,1091.0,20.0,20.0,22.0,26.0,2.0,0.0,0.0,155.7,25.8,0.0,0.0,/home/red0orange/projects/Cloud-Edge-SLAM/new_results_2/Full#rgbd_dataset_freiburg2_pioneer_slam#04-19-17_14_02
0.177452,0.884957,73.4218,41.0,163.0,10.0,10.0,22.1,26.4,2.0,0.0,0.0,155.7,26.0,0.0,0.0,/home/red0orange/projects/Cloud-Edge-SLAM/new_results_2/Full#rgbd_dataset_freiburg2_pioneer_slam#04-19-19_35_17
0.415848,0.88264,46.9586,0.0,0.0,20.0,20.0,-1311878241.2,-1311878241.2,0.0,0.0,0.0,155.7,25.9,0.0,0.0,/home/red0orange/projects/Cloud-Edge-SLAM/new_results_2/Full#rgbd_dataset_freiburg2_pioneer_slam#04-19-18_19_32
0.0827238,0.887289,87.2756,277.0,1003.0,20.0,20.0,22.1,26.2,2.0,0.0,0.0,155.7,26.0,0.0,0.0,/home/red0orange/projects/Cloud-Edge-SLAM/new_results_2/Full#rgbd_dataset_freiburg2_pioneer_slam#04-19-17_56_47
0.224527,0.887289,78.5683,48.0,576.0,10.0,10.0,22.0,27.2,2.0,0.0,0.0,155.7,26.0,0.0,0.0,/home/red0orange/projects/Cloud-Edge-SLAM/new_results_2/Full#rgbd_dataset_freiburg2_pioneer_slam#04-19-19_33_46
0.0603685,0.88264,58.2632,23.0,246.0,5.0,5.0,13.4,16.6,1.0,0.0,0.0,155.7,25.9,0.0,0.0,/home/red0orange/projects/Cloud-Edge-SLAM/new_results_2/Full#rgbd_dataset_freiburg2_pioneer_slam#04-19-20_50_03
0.112208,0.884957,46.977,0.0,0.0,10.0,10.0,-1311878241.2,-1311878241.2,0.0,0.0,0.0,155.7,26.0,0.0,0.0,/home/red0orange/projects/Cloud-Edge-SLAM/new_results_2/Full#rgbd_dataset_freiburg2_pioneer_slam#04-19-19_10_23
0.135022,0.887289,74.4587,30.0,274.0,10.0,10.0,22.0,25.9,2.0,0.0,0.0,155.7,26.0,0.0,0.0,/home/red0orange/projects/Cloud-Edge-SLAM/new_results_2/Full#rgbd_dataset_freiburg2_pioneer_slam#04-19-19_17_35
0.0641496,0.88264,69.6514,508.0,1495.0,20.0,20.0,15.5,18.6,1.0,0.0,0.0,155.7,25.9,0.0,0.0,/home/red0orange/projects/Cloud-Edge-SLAM/new_results_2/Full#rgbd_dataset_freiburg2_pioneer_slam#04-19-17_12_45
0.118941,0.873467,62.0323,48.0,253.0,10.0,10.0,13.6,16.8,1.0,0.0,0.0,155.7,25.6,0.0,0.0,/home/red0orange/projects/Cloud-Edge-SLAM/new_results_2/Full#rgbd_dataset_freiburg2_pioneer_slam#04-19-19_31_26
0.219413,0.887289,70.8671,25.0,54.0,5.0,5.0,22.0,26.2,2.0,0.0,0.0,155.7,26.0,0.0,0.0,/home/red0orange/projects/Cloud-Edge-SLAM/new_results_2/Full#rgbd_dataset_freiburg2_pioneer_slam#04-19-21_00_56
0.0863224,0.88264,60.3831,253.0,334.0,10.0,10.0,15.5,19.2,1.0,0.0,0.0,155.7,25.9,0.0,0.0,/home/red0orange/projects/Cloud-Edge-SLAM/new_results_2/Full#rgbd_dataset_freiburg2_pioneer_slam#04-19-19_22_51
1.12852,0.889526,65.3147,12.0,137.0,5.0,5.0,22.1,26.2,2.0,0.0,0.0,155.7,26.1,0.0,0.0,/home/red0orange/projects/Cloud-Edge-SLAM/new_results_2/Full#rgbd_dataset_freiburg2_pioneer_slam#04-19-21_20_29
0.0825875,0.88264,89.2181,190.0,1063.0,20.0,20.0,22.1,26.0,2.0,0.0,0.0,155.7,25.9,0.0,0.0,/home/red0orange/projects/Cloud-Edge-SLAM/new_results_2/Full#rgbd_dataset_freiburg2_pioneer_slam#04-19-18_27_00
0.0856192,0.642719,47.0073,0.0,0.0,20.0,20.0,-1311878241.2,-1311878241.2,0.0,0.0,0.0,155.7,18.9,0.0,0.0,/home/red0orange/projects/Cloud-Edge-SLAM/new_results_2/Full#rgbd_dataset_freiburg2_pioneer_slam#04-19-17_36_57
0.0691903,0.88264,91.5394,270.0,1194.0,20.0,20.0,22.1,26.1,2.0,0.0,0.0,155.7,25.9,0.0,0.0,/home/red0orange/projects/Cloud-Edge-SLAM/new_results_2/Full#rgbd_dataset_freiburg2_pioneer_slam#04-19-18_31_14
0.132246,0.887289,46.9617,0.0,0.0,20.0,20.0,-1311878241.2,-1311878241.2,0.0,0.0,0.0,155.7,26.0,0.0,0.0,/home/red0orange/projects/Cloud-Edge-SLAM/new_results_2/Full#rgbd_dataset_freiburg2_pioneer_slam#04-19-17_54_33
0.102713,0.889526,67.0955,35.0,87.0,5.0,5.0,22.0,25.9,2.0,0.0,0.0,155.7,26.1,0.0,0.0,/home/red0orange/projects/Cloud-Edge-SLAM/new_results_2/Full#rgbd_dataset_freiburg2_pioneer_slam#04-19-20_41_27
0.650554,0.88264,59.7377,522.0,288.0,10.0,10.0,22.1,26.2,1.0,0.0,0.0,155.7,25.9,0.0,0.0,/home/red0orange/projects/Cloud-Edge-SLAM/new_results_2/Full#rgbd_dataset_freiburg2_pioneer_slam#04-19-20_12_37
0.0704698,0.887289,60.4195,550.0,131.0,10.0,10.0,22.1,26.0,1.0,0.0,0.0,155.7,26.0,0.0,0.0,/home/red0orange/projects/Cloud-Edge-SLAM/new_results_2/Full#rgbd_dataset_freiburg2_pioneer_slam#04-19-20_11_30
0.706964,0.878097,56.5716,5.0,65.0,5.0,5.0,13.6,16.7,1.0,0.0,0.0,155.7,25.8,0.0,0.0,/home/red0orange/projects/Cloud-Edge-SLAM/new_results_2/Full#rgbd_dataset_freiburg2_pioneer_slam#04-19-21_09_37
0.249503,0.889526,76.0202,101.0,269.0,10.0,10.0,22.0,26.2,2.0,0.0,0.0,155.7,26.1,0.0,0.0,/home/red0orange/projects/Cloud-Edge-SLAM/new_results_2/Full#rgbd_dataset_freiburg2_pioneer_slam#04-19-19_57_18
0.290351,0.889526,57.9336,11.0,212.0,5.0,5.0,14.0,17.3,1.0,0.0,0.0,155.7,26.1,0.0,0.0,/home/red0orange/projects/Cloud-Edge-SLAM/new_results_2/Full#rgbd_dataset_freiburg2_pioneer_slam#04-19-21_12_55
0.0633687,0.889526,67.1561,141.0,517.0,20.0,20.0,13.4,16.6,1.0,0.0,0.0,155.7,26.1,0.0,0.0,/home/red0orange/projects/Cloud-Edge-SLAM/new_results_2/Full#rgbd_dataset_freiburg2_pioneer_slam#04-19-18_15_11
0.0414189,0.884957,69.0485,423.0,1060.0,20.0,20.0,13.5,16.7,1.0,0.0,0.0,155.7,26.0,0.0,0.0,/home/red0orange/projects/Cloud-Edge-SLAM/new_results_2/Full#rgbd_dataset_freiburg2_pioneer_slam#04-19-17_51_23
0.0911381,0.640372,67.2728,179.0,821.0,20.0,20.0,13.4,16.6,1.0,0.0,0.0,155.7,18.8,0.0,0.0,/home/red0orange/projects/Cloud-Edge-SLAM/new_results_2/Full#rgbd_dataset_freiburg2_pioneer_slam#04-19-17_55_32
0.123502,0.887289,66.243,21.0,81.0,5.0,5.0,22.1,26.0,2.0,0.0,0.0,155.7,26.0,0.0,0.0,/home/red0orange/projects/Cloud-Edge-SLAM/new_results_2/Full#rgbd_dataset_freiburg2_pioneer_slam#04-19-21_17_54
0.243361,0.887289,59.6964,460.0,202.0,10.0,10.0,22.0,26.0,1.0,0.0,0.0,155.7,26.0,0.0,0.0,/home/red0orange/projects/Cloud-Edge-SLAM/new_results_2/Full#rgbd_dataset_freiburg2_pioneer_slam#04-19-20_01_35
0.594382,0.878097,66.6124,80.0,233.0,10.0,10.0,14.8,21.3,1.0,0.0,0.0,155.7,25.8,0.0,0.0,/home/red0orange/projects/Cloud-Edge-SLAM/new_results_2/Full#rgbd_dataset_freiburg2_pioneer_slam#04-19-19_20_09
0.403618,0.879291,57.7069,24.0,80.0,5.0,5.0,13.6,16.7,1.0,0.0,0.0,155.7,25.8,0.0,0.0,/home/red0orange/projects/Cloud-Edge-SLAM/new_results_2/Full#rgbd_dataset_freiburg2_pioneer_slam#04-19-21_11_50
0.0671746,0.88264,62.2059,105.0,431.0,10.0,10.0,13.3,16.5,1.0,0.0,0.0,155.7,25.9,0.0,0.0,/home/red0orange/projects/Cloud-Edge-SLAM/new_results_2/Full#rgbd_dataset_freiburg2_pioneer_slam#04-19-19_45_47
0.0870037,0.889526,77.0689,113.0,150.0,5.0,5.0,22.1,28.3,2.0,0.0,0.0,155.7,26.1,0.0,0.0,/home/red0orange/projects/Cloud-Edge-SLAM/new_results_2/Full#rgbd_dataset_freiburg2_pioneer_slam#04-19-20_54_42
0.896738,0.889526,74.5342,63.0,353.0,10.0,10.0,22.1,25.5,2.0,0.0,0.0,155.7,26.1,0.0,0.0,/home/red0orange/projects/Cloud-Edge-SLAM/new_results_2/Full#rgbd_dataset_freiburg2_pioneer_slam#04-19-19_43_13
0.622509,0.647241,67.5565,170.0,918.0,20.0,20.0,14.8,17.9,1.0,0.0,0.0,155.7,19.0,0.0,0.0,/home/red0orange/projects/Cloud-Edge-SLAM/new_results_2/Full#rgbd_dataset_freiburg2_pioneer_slam#04-19-18_04_29
0.404174,0.642719,73.2499,67.0,871.0,20.0,20.0,14.8,17.9,1.0,0.0,0.0,155.7,18.9,0.0,0.0,/home/red0orange/projects/Cloud-Edge-SLAM/new_results_2/Full#rgbd_dataset_freiburg2_pioneer_slam#04-19-18_08_40
0.0963862,0.887289,91.5813,113.0,1184.0,20.0,20.0,22.1,26.0,2.0,0.0,0.0,155.7,26.0,0.0,0.0,/home/red0orange/projects/Cloud-Edge-SLAM/new_results_2/Full#rgbd_dataset_freiburg2_pioneer_slam#04-19-18_01_28
0.0552142,0.887289,61.0481,493.0,181.0,10.0,10.0,22.1,26.0,1.0,0.0,0.0,155.7,26.0,0.0,0.0,/home/red0orange/projects/Cloud-Edge-SLAM/new_results_2/Full#rgbd_dataset_freiburg2_pioneer_slam#04-19-19_09_09
0.0848627,0.887289,93.6251,101.0,1543.0,20.0,20.0,22.0,25.5,2.0,0.0,0.0,155.7,26.0,0.0,0.0,/home/red0orange/projects/Cloud-Edge-SLAM/new_results_2/Full#rgbd_dataset_freiburg2_pioneer_slam#04-19-18_11_46
0.214297,0.887289,90.6698,324.0,1374.0,20.0,20.0,22.1,26.1,2.0,0.0,0.0,155.7,26.0,0.0,0.0,/home/red0orange/projects/Cloud-Edge-SLAM/new_results_2/Full#rgbd_dataset_freiburg2_pioneer_slam#04-19-18_16_30
0.0568942,0.874794,92.6663,408.0,1144.0,20.0,20.0,22.0,25.2,2.0,0.0,0.0,155.7,25.7,0.0,0.0,/home/red0orange/projects/Cloud-Edge-SLAM/new_results_2/Full#rgbd_dataset_freiburg2_pioneer_slam#04-19-17_35_17
0.277198,0.889526,92.2062,143.0,1401.0,20.0,20.0,22.1,26.0,2.0,0.0,0.0,155.7,26.1,0.0,0.0,/home/red0orange/projects/Cloud-Edge-SLAM/new_results_2/Full#rgbd_dataset_freiburg2_pioneer_slam#04-19-17_28_46
